{"web":{"client_id":"1042360404052-mlafnefeha3bu9ktv2gho4nd154a9813.apps.googleusercontent.com",
  "project_id":"appraisal-416210",
  "auth_uri":"https://accounts.google.com/o/oauth2/auth",
  "token_uri":"https://oauth2.googleapis.com/token",
  "auth_provider_x509_cert_url":"https://www.googleapis.com/oauth2/v1/certs",
  "client_secret":"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",
  "redirect_uris":["http://localhost:8080/oauth2/callback/google"],
  "javascript_origins":["http://localhost:8080"]}
}